team,win_percentage
RR,14.37126
DC,13.77246
LSG,11.97605
RCB,11.37725
PBKS,10.17964
